{"Accuracy": 42.400000000000006, "Loss": 0.9713331758975983, "_timestamp": 1651048465, "_runtime": 162, "_step": 4699, "_wandb": {"runtime": 161}}