{"Accuracy": 19.950000000000003, "Loss": 0.7301428318023682, "_timestamp": 1651048691, "_runtime": 166, "_step": 4699, "_wandb": {"runtime": 163}}