{"Accuracy": 20.700000000000003, "Loss": 3.150899052619934, "_timestamp": 1651047970, "_runtime": 3, "_step": 0, "_wandb": {"runtime": 1}}