{"Accuracy": 29.849999999999998, "Loss": 1.2077409625053406, "_timestamp": 1651048209, "_runtime": 166, "_step": 4699, "_wandb": {"runtime": 165}}